
{
    "region" : "us-east-2",
    "configuration" : "Debug",
    "framework"     : "netcoreapp3.1",
    "self-contained" : false,
    "application"    : "MovieApi",
    "environment"    : "MovieApi-test",
    "enable-xray"    : false,
    "enhanced-health-type" : "basic",
    "additional-options"   : "",
    "solution-stack"       : "64bit Amazon Linux 2 v2.1.0 running .NET Core",
    "environment-type"     : "SingleInstance",
    "cname"                : "movieapi-test",
    "instance-type"        : "t2.micro",
    "key-pair"             : "",
    "instance-profile"     : "aws-elasticbeanstalk-ec2-role",
    "service-role"         : "aws-elasticbeanstalk-service-role",
    "proxy-server"         : "nginx"
}